{"train": [5.221242106614474, 4.935707679927816, 4.866518282081066, 4.829450760435498, 4.7996854470853085, 4.782399559768, 4.760645494137358, 4.743651446100937, 4.726376802429518, 4.713716487037917, 4.695886074096042, 4.679011435795079, 4.6690231129021305, 4.656113899718999, 4.640338866579937, 4.625048697150407, 4.613088727308627, 4.599946439110579, 4.583428305683186, 4.570876993024941, 4.558384909019769, 4.545671921174769, 4.530553327216803, 4.513654900593172, 4.503637999840878, 4.488814175907065, 4.4737370530868015, 4.459810956651174, 4.446374768687913, 4.430390913243705, 4.415065454129451, 4.405329360663113, 4.388287326374503, 4.372148319573066, 4.358944625207089, 4.345009490030552, 4.329167555268689, 4.313914374956574, 4.299398610237062, 4.286676003478526, 4.271386228715782, 4.25702134747418, 4.244476786481494, 4.228362932528902, 4.2155381612304605, 4.201952883219906, 4.18765681343975, 4.17515829151044, 4.163799646940306, 4.150872144624397], "val": [4.978730571269989, 4.9022585272789, 4.892061007022858, 4.868771731853485, 4.850427508354187, 4.864118933677673, 4.8579281091690065, 4.850062656402588, 4.823169159889221, 4.8185157656669615, 4.808097076416016, 4.817131996154785, 4.80812771320343, 4.805584013462067, 4.793234932422638, 4.792806351184845, 4.772799909114838, 4.770739114284515, 4.778661692142487, 4.767031741142273, 4.738295757770539, 4.729488718509674, 4.7330656290054325, 4.75281845331192, 4.716351413726807, 4.728025031089783, 4.725759863853455, 4.71905357837677, 4.7007296800613405, 4.695761680603027, 4.702861785888672, 4.692526566982269, 4.683374893665314, 4.68165922164917, 4.662738835811615, 4.657647895812988, 4.653205025196075, 4.646113550662994, 4.640125238895417, 4.625204980373383, 4.6195355415344235, 4.621401977539063, 4.619263136386872, 4.61941031217575, 4.6105571508407595, 4.60451066493988, 4.601445198059082, 4.597432243824005, 4.6029288411140445, 4.60864291191101]}